[
  {
    "Id": 715,
    "Make": "Toyota",
    "Model": "Camry Hybrid",
    "TravelledDistance": 486872832
  },
  {
    "Id": 644,
    "Make": "Toyota",
    "Model": "Camry Hybrid",
    "TravelledDistance": 397831570
  },
  {
    "Id": 711,
    "Make": "Toyota",
    "Model": "Camry Hybrid",
    "TravelledDistance": 217630531
  },
  {
    "Id": 670,
    "Make": "Toyota",
    "Model": "Camry Hybrid",
    "TravelledDistance": 193362513
  },
  {
    "Id": 694,
    "Make": "Toyota",
    "Model": "Camry Hybrid",
    "TravelledDistance": 151868293
  },
  {
    "Id": 708,
    "Make": "Toyota",
    "Model": "Corolla",
    "TravelledDistance": 485584239
  },
  {
    "Id": 674,
    "Make": "Toyota",
    "Model": "Corolla",
    "TravelledDistance": 356361379
  },
  {
    "Id": 704,
    "Make": "Toyota",
    "Model": "Corolla",
    "TravelledDistance": 333412512
  },
  {
    "Id": 695,
    "Make": "Toyota",
    "Model": "Corolla",
    "TravelledDistance": 230556000
  },
  {
    "Id": 706,
    "Make": "Toyota",
    "Model": "Corolla",
    "TravelledDistance": 196587490
  },
  {
    "Id": 713,
    "Make": "Toyota",
    "Model": "Corolla",
    "TravelledDistance": 172436753
  },
  {
    "Id": 679,
    "Make": "Toyota",
    "Model": "Prius",
    "TravelledDistance": 508864707
  },
  {
    "Id": 698,
    "Make": "Toyota",
    "Model": "Prius",
    "TravelledDistance": 424624116
  },
  {
    "Id": 696,
    "Make": "Toyota",
    "Model": "Prius",
    "TravelledDistance": 332788407
  },
  {
    "Id": 710,
    "Make": "Toyota",
    "Model": "Prius",
    "TravelledDistance": 280666484
  },
  {
    "Id": 703,
    "Make": "Toyota",
    "Model": "Prius",
    "TravelledDistance": 208912076
  },
  {
    "Id": 646,
    "Make": "Toyota",
    "Model": "Prius",
    "TravelledDistance": 191675886
  },
  {
    "Id": 675,
    "Make": "Toyota",
    "Model": "Prius",
    "TravelledDistance": 142914233
  },
  {
    "Id": 693,
    "Make": "Toyota",
    "Model": "Prius",
    "TravelledDistance": 141313729
  },
  {
    "Id": 672,
    "Make": "Toyota",
    "Model": "Prius",
    "TravelledDistance": 126607020
  },
  {
    "Id": 707,
    "Make": "Toyota",
    "Model": "Prius",
    "TravelledDistance": 78228066
  },
  {
    "Id": 714,
    "Make": "Toyota",
    "Model": "Prius",
    "TravelledDistance": 65891391
  },
  {
    "Id": 677,
    "Make": "Toyota",
    "Model": "Prius",
    "TravelledDistance": 64266329
  },
  {
    "Id": 700,
    "Make": "Toyota",
    "Model": "Prius",
    "TravelledDistance": 8676482
  },
  {
    "Id": 678,
    "Make": "Toyota",
    "Model": "Tacoma",
    "TravelledDistance": 431663130
  },
  {
    "Id": 676,
    "Make": "Toyota",
    "Model": "Tacoma",
    "TravelledDistance": 426059006
  },
  {
    "Id": 699,
    "Make": "Toyota",
    "Model": "Tacoma",
    "TravelledDistance": 425742267
  },
  {
    "Id": 712,
    "Make": "Toyota",
    "Model": "Tacoma",
    "TravelledDistance": 328571532
  },
  {
    "Id": 702,
    "Make": "Toyota",
    "Model": "Tacoma",
    "TravelledDistance": 174113404
  },
  {
    "Id": 645,
    "Make": "Toyota",
    "Model": "Tacoma",
    "TravelledDistance": 157810668
  },
  {
    "Id": 709,
    "Make": "Toyota",
    "Model": "Tacoma",
    "TravelledDistance": 147379564
  },
  {
    "Id": 673,
    "Make": "Toyota",
    "Model": "Tacoma",
    "TravelledDistance": 89596390
  },
  {
    "Id": 705,
    "Make": "Toyota",
    "Model": "Yaris",
    "TravelledDistance": 439493520
  },
  {
    "Id": 682,
    "Make": "Toyota",
    "Model": "Yaris",
    "TravelledDistance": 285031257
  },
  {
    "Id": 701,
    "Make": "Toyota",
    "Model": "Yaris",
    "TravelledDistance": 18776234
  },
  {
    "Id": 697,
    "Make": "Toyota",
    "Model": "Yaris",
    "TravelledDistance": 17169781
  }
]